{"stats":{"minecraft:picked_up":{"minecraft:stick":3,"minecraft:crafting_table":1,"spartanshields:shield_basic_stone":1,"minecraft:oak_log":5,"minecraft:white_bed":1,"minecraft:oak_sapling":5},"minecraft:mined":{"minecraft:grass":1,"minecraft:oak_log":5,"minecraft:crafting_table":1},"minecraft:custom":{"minecraft:time_since_rest":418,"minecraft:play_one_minute":12120,"minecraft:walk_one_cm":14990,"minecraft:sprint_one_cm":11163,"minecraft:damage_taken":20,"minecraft:sneak_time":7,"minecraft:jump":56,"minecraft:time_since_death":12120,"minecraft:sleep_in_bed":1,"minecraft:fall_one_cm":1855,"minecraft:interact_with_crafting_table":1,"minecraft:talked_to_villager":1,"minecraft:fly_one_cm":9908},"minecraft:crafted":{"minecraft:oak_planks":20,"minecraft:crafting_table":1,"minecraft:stick":4,"minecraft:wooden_pickaxe":1},"minecraft:used":{"minecraft:crafting_table":1,"minecraft:oak_sapling":5,"minecraft:white_bed":1}},"DataVersion":2586}