{"stats":{"minecraft:killed":{"minecraft:skeleton":1,"minecraft:zombie":4,"minecraft:chicken":3,"minecraft:drowned":1},"minecraft:used":{"minecraft:wheat_seeds":68,"minecraft:water_bucket":1,"minecraft:diorite":14,"minecraft:stone_sword":14,"minecraft:stone_pickaxe":207,"minecraft:baked_potato":2,"minecraft:oak_planks":8,"minecraft:oak_sign":4,"minecraft:wooden_pickaxe":59,"minecraft:iron_sword":54,"minecraft:sugar_cane":4,"minecraft:stone_hoe":89,"minecraft:rotten_flesh":3,"minecraft:torch":6,"minecraft:dirt":125,"minecraft:crafting_table":2,"minecraft:white_bed":2,"spartanshields:shield_basic_stone":9,"minecraft:iron_axe":11,"minecraft:bread":11,"minecraft:cobblestone":26,"minecraft:oak_sapling":5,"minecraft:bucket":1,"minecraft:dandelion":3},"minecraft:killed_by":{"minecraft:player":1,"minecraft:drowned":1},"minecraft:crafted":{"minecraft:oak_planks":20,"minecraft:oak_sign":3,"minecraft:crafting_table":1,"minecraft:baked_potato":17,"minecraft:wooden_pickaxe":1,"minecraft:iron_sword":1,"minecraft:bucket":1,"minecraft:air":0,"minecraft:wooden_hoe":1,"minecraft:iron_axe":1,"minecraft:stick":12,"minecraft:iron_ingot":72,"minecraft:iron_pickaxe":1,"minecraft:stone_pickaxe":2,"minecraft:torch":4},"minecraft:custom":{"minecraft:interact_with_furnace":15,"minecraft:mob_kills":8,"minecraft:interact_with_crafting_table":10,"minecraft:play_one_minute":95305,"minecraft:time_since_death":6455,"minecraft:sleep_in_bed":7,"minecraft:time_since_rest":6565,"minecraft:sprint_one_cm":131915,"minecraft:damage_taken":1155,"minecraft:walk_one_cm":149859,"minecraft:drop":28,"minecraft:damage_dealt":1701,"minecraft:swim_one_cm":2882,"minecraft:talked_to_villager":1,"minecraft:fly_one_cm":99942,"minecraft:open_chest":14,"minecraft:crouch_one_cm":3051,"minecraft:deaths":2,"minecraft:sneak_time":1480,"minecraft:walk_under_water_one_cm":13723,"minecraft:jump":710,"minecraft:walk_on_water_one_cm":14333,"minecraft:fall_one_cm":13354},"minecraft:mined":{"minecraft:white_bed":1,"minecraft:glass_pane":1,"minecraft:dandelion":8,"minecraft:crafting_table":1,"minecraft:grass_block":34,"minecraft:cobblestone":1,"minecraft:tall_grass":17,"minecraft:oak_planks":5,"minecraft:oak_wall_sign":2,"minecraft:diorite":24,"minecraft:wall_torch":3,"minecraft:iron_ore":11,"minecraft:grass":28,"minecraft:coal_ore":26,"minecraft:oak_log":5,"minecraft:sand":2,"minecraft:dirt":28,"minecraft:stone":182,"minecraft:oak_leaves":4},"minecraft:broken":{"minecraft:stone_pickaxe":1,"minecraft:wooden_pickaxe":1},"minecraft:dropped":{"sophisticatedbackpacks:iron_backpack":1,"minecraft:bread":20,"minecraft:wheat_seeds":1,"minecraft:diamond_axe":1,"minecraft:baked_potato":8,"spartanshields:shield_basic_iron":1,"minecraft:iron_helmet":1,"minecraft:cobblestone":1,"minecraft:diamond_shovel":1,"minecraft:stick":3,"minecraft:diamond_sword":1,"minecraft:dirt":9,"minecraft:diamond_chestplate":1,"minecraft:diamond_pickaxe":1,"minecraft:diamond_boots":1,"minecraft:stone_pickaxe":1},"minecraft:picked_up":{"minecraft:crafting_table":1,"minecraft:feather":8,"minecraft:chicken":6,"spartanshields:shield_basic_stone":2,"minecraft:diamond_sword":1,"minecraft:oak_log":5,"minecraft:dirt":157,"minecraft:string":1,"minecraft:iron_axe":1,"minecraft:bone":2,"minecraft:oak_sign":2,"minecraft:wheat_seeds":69,"minecraft:bucket":1,"minecraft:stone_pickaxe":2,"minecraft:iron_ore":16,"minecraft:iron_pickaxe":1,"minecraft:iron_sword":1,"minecraft:stone_hoe":1,"minecraft:oak_planks":11,"minecraft:stick":7,"spartanshields:shield_basic_iron":1,"minecraft:torch":4,"minecraft:dandelion":6,"minecraft:sand":4,"sophisticatedbackpacks:iron_backpack":1,"minecraft:diorite":24,"minecraft:white_bed":2,"minecraft:diamond_shovel":1,"minecraft:diamond_chestplate":1,"minecraft:stone_sword":2,"minecraft:arrow":3,"minecraft:rotten_flesh":8,"minecraft:diamond":3,"minecraft:diamond_boots":1,"minecraft:iron_helmet":1,"minecraft:diamond_axe":1,"minecraft:bread":31,"minecraft:baked_potato":7,"minecraft:oak_sapling":5,"minecraft:coal":26,"minecraft:diamond_pickaxe":1,"minecraft:cobblestone":180,"minecraft:ender_pearl":1}},"DataVersion":2586}