{"stats":{"minecraft:used":{"minecraft:diorite":1,"minecraft:stone_pickaxe":200,"minecraft:bread":4,"minecraft:wooden_pickaxe":59,"minecraft:torch":6,"minecraft:cobblestone":26,"minecraft:crafting_table":2,"minecraft:oak_sapling":5,"minecraft:white_bed":2,"spartanshields:shield_basic_stone":4},"minecraft:crafted":{"minecraft:oak_planks":20,"minecraft:crafting_table":1,"minecraft:stick":4,"minecraft:wooden_pickaxe":1,"minecraft:stone_pickaxe":2,"minecraft:torch":4},"minecraft:custom":{"minecraft:time_since_rest":231,"minecraft:interact_with_furnace":2,"minecraft:sprint_one_cm":38552,"minecraft:damage_taken":320,"minecraft:walk_one_cm":55094,"minecraft:drop":2,"minecraft:talked_to_villager":1,"minecraft:interact_with_crafting_table":2,"minecraft:fly_one_cm":33208,"minecraft:play_one_minute":47305,"minecraft:crouch_one_cm":70,"minecraft:sneak_time":80,"minecraft:jump":325,"minecraft:time_since_death":47305,"minecraft:walk_on_water_one_cm":1423,"minecraft:sleep_in_bed":4,"minecraft:fall_one_cm":4750},"minecraft:mined":{"minecraft:white_bed":1,"minecraft:iron_ore":11,"minecraft:crafting_table":1,"minecraft:grass":1,"minecraft:grass_block":2,"minecraft:oak_log":5,"minecraft:coal_ore":26,"minecraft:dirt":26,"minecraft:cobblestone":1,"minecraft:stone":182,"minecraft:diorite":19,"minecraft:wall_torch":3},"minecraft:broken":{"minecraft:stone_pickaxe":1,"minecraft:wooden_pickaxe":1},"minecraft:dropped":{"minecraft:cobblestone":1,"minecraft:stone_pickaxe":1},"minecraft:picked_up":{"minecraft:stick":3,"minecraft:crafting_table":1,"spartanshields:shield_basic_stone":1,"minecraft:torch":3,"minecraft:oak_log":5,"minecraft:diorite":19,"minecraft:white_bed":2,"minecraft:dirt":28,"minecraft:rotten_flesh":2,"minecraft:diamond":3,"minecraft:stone_pickaxe":1,"minecraft:iron_ore":11,"minecraft:bread":11,"minecraft:oak_sapling":5,"minecraft:coal":26,"minecraft:cobblestone":180}},"DataVersion":2586}