{"stats":{"minecraft:used":{"minecraft:diorite":14,"minecraft:stone_pickaxe":207,"minecraft:bread":8,"minecraft:wooden_pickaxe":59,"minecraft:torch":6,"minecraft:cobblestone":26,"minecraft:crafting_table":2,"minecraft:oak_sapling":5,"minecraft:white_bed":2,"spartanshields:shield_basic_stone":4},"minecraft:crafted":{"minecraft:oak_planks":20,"minecraft:wooden_hoe":1,"minecraft:iron_axe":1,"minecraft:crafting_table":1,"minecraft:stick":12,"minecraft:iron_pickaxe":1,"minecraft:iron_ingot":8,"minecraft:wooden_pickaxe":1,"minecraft:stone_pickaxe":2,"minecraft:iron_sword":1,"minecraft:torch":4,"minecraft:air":0},"minecraft:custom":{"minecraft:time_since_rest":11720,"minecraft:interact_with_furnace":9,"minecraft:sprint_one_cm":51477,"minecraft:damage_taken":410,"minecraft:walk_one_cm":62424,"minecraft:drop":2,"minecraft:damage_dealt":39,"minecraft:talked_to_villager":1,"minecraft:interact_with_crafting_table":7,"minecraft:fly_one_cm":47081,"minecraft:open_chest":5,"minecraft:play_one_minute":59305,"minecraft:crouch_one_cm":70,"minecraft:sneak_time":80,"minecraft:jump":395,"minecraft:time_since_death":59305,"minecraft:walk_on_water_one_cm":1423,"minecraft:sleep_in_bed":5,"minecraft:fall_one_cm":7263},"minecraft:mined":{"minecraft:white_bed":1,"minecraft:iron_ore":11,"minecraft:crafting_table":1,"minecraft:grass":1,"minecraft:grass_block":2,"minecraft:oak_log":5,"minecraft:coal_ore":26,"minecraft:dirt":26,"minecraft:cobblestone":1,"minecraft:stone":182,"minecraft:diorite":24,"minecraft:wall_torch":3},"minecraft:broken":{"minecraft:stone_pickaxe":1,"minecraft:wooden_pickaxe":1},"minecraft:dropped":{"minecraft:cobblestone":1,"minecraft:stone_pickaxe":1},"minecraft:picked_up":{"minecraft:stick":3,"minecraft:crafting_table":1,"spartanshields:shield_basic_stone":1,"minecraft:torch":3,"minecraft:oak_log":5,"minecraft:diorite":24,"minecraft:white_bed":2,"minecraft:string":1,"minecraft:dirt":28,"minecraft:stone_sword":1,"minecraft:arrow":1,"minecraft:bone":2,"minecraft:rotten_flesh":2,"minecraft:diamond":3,"minecraft:wheat_seeds":62,"minecraft:stone_pickaxe":1,"minecraft:iron_ore":11,"minecraft:bread":11,"minecraft:oak_sapling":5,"minecraft:coal":26,"minecraft:cobblestone":180}},"DataVersion":2586}