{"stats":{"minecraft:broken":{"minecraft:wooden_pickaxe":1},"minecraft:dropped":{"minecraft:stone_pickaxe":1},"minecraft:picked_up":{"minecraft:stick":3,"minecraft:crafting_table":1,"spartanshields:shield_basic_stone":1,"minecraft:torch":1,"minecraft:oak_log":5,"minecraft:diorite":19,"minecraft:white_bed":2,"minecraft:dirt":18,"minecraft:stone_pickaxe":1,"minecraft:iron_ore":4,"minecraft:bread":11,"minecraft:oak_sapling":5,"minecraft:coal":1,"minecraft:cobblestone":107},"minecraft:mined":{"minecraft:white_bed":1,"minecraft:iron_ore":4,"minecraft:crafting_table":1,"minecraft:grass":1,"minecraft:grass_block":2,"minecraft:oak_log":5,"minecraft:coal_ore":1,"minecraft:dirt":26,"minecraft:stone":111,"minecraft:diorite":19,"minecraft:wall_torch":1},"minecraft:custom":{"minecraft:time_since_rest":10647,"minecraft:interact_with_furnace":2,"minecraft:sprint_one_cm":36037,"minecraft:damage_taken":230,"minecraft:walk_one_cm":40571,"minecraft:drop":1,"minecraft:talked_to_villager":1,"minecraft:interact_with_crafting_table":2,"minecraft:fly_one_cm":30226,"minecraft:play_one_minute":36120,"minecraft:crouch_one_cm":33,"minecraft:sneak_time":66,"minecraft:jump":240,"minecraft:sleep_in_bed":2,"minecraft:time_since_death":36120,"minecraft:walk_on_water_one_cm":1423,"minecraft:fall_one_cm":4750},"minecraft:crafted":{"minecraft:oak_planks":20,"minecraft:crafting_table":1,"minecraft:stick":4,"minecraft:wooden_pickaxe":1,"minecraft:stone_pickaxe":2,"minecraft:torch":4},"minecraft:used":{"minecraft:diorite":1,"minecraft:bread":3,"minecraft:stone_pickaxe":95,"minecraft:wooden_pickaxe":59,"minecraft:torch":2,"minecraft:cobblestone":2,"minecraft:crafting_table":2,"minecraft:oak_sapling":5,"minecraft:white_bed":2,"spartanshields:shield_basic_stone":4}},"DataVersion":2586}