{"stats":{"minecraft:killed":{"minecraft:skeleton":1},"minecraft:used":{"minecraft:wheat_seeds":62,"minecraft:diorite":14,"minecraft:stone_sword":7,"minecraft:stone_pickaxe":207,"minecraft:bread":10,"minecraft:wooden_pickaxe":59,"minecraft:stone_hoe":62,"minecraft:torch":6,"minecraft:dirt":63,"minecraft:cobblestone":26,"minecraft:crafting_table":2,"minecraft:oak_sapling":5,"minecraft:white_bed":2,"spartanshields:shield_basic_stone":8},"minecraft:crafted":{"minecraft:oak_planks":20,"minecraft:wooden_hoe":1,"minecraft:iron_axe":1,"minecraft:crafting_table":1,"minecraft:stick":12,"minecraft:iron_pickaxe":1,"minecraft:iron_ingot":8,"minecraft:wooden_pickaxe":1,"minecraft:stone_pickaxe":2,"minecraft:iron_sword":1,"minecraft:torch":4,"minecraft:air":0},"minecraft:custom":{"minecraft:time_since_rest":8581,"minecraft:interact_with_furnace":10,"minecraft:sprint_one_cm":65154,"minecraft:damage_taken":540,"minecraft:walk_one_cm":90143,"minecraft:mob_kills":1,"minecraft:drop":2,"minecraft:damage_dealt":198,"minecraft:talked_to_villager":1,"minecraft:interact_with_crafting_table":8,"minecraft:fly_one_cm":52733,"minecraft:open_chest":6,"minecraft:play_one_minute":71305,"minecraft:crouch_one_cm":2637,"minecraft:sneak_time":793,"minecraft:walk_under_water_one_cm":3941,"minecraft:jump":429,"minecraft:time_since_death":71305,"minecraft:walk_on_water_one_cm":3973,"minecraft:sleep_in_bed":6,"minecraft:fall_one_cm":7681},"minecraft:mined":{"minecraft:white_bed":1,"minecraft:iron_ore":11,"minecraft:crafting_table":1,"minecraft:grass":1,"minecraft:grass_block":26,"minecraft:oak_log":5,"minecraft:coal_ore":26,"minecraft:dirt":27,"minecraft:cobblestone":1,"minecraft:stone":182,"minecraft:diorite":24,"minecraft:wall_torch":3},"minecraft:broken":{"minecraft:stone_pickaxe":1,"minecraft:wooden_pickaxe":1},"minecraft:dropped":{"minecraft:cobblestone":1,"minecraft:stone_pickaxe":1},"minecraft:picked_up":{"minecraft:stick":3,"minecraft:crafting_table":1,"spartanshields:shield_basic_stone":1,"minecraft:torch":3,"minecraft:oak_log":5,"minecraft:diorite":24,"minecraft:white_bed":2,"minecraft:string":1,"minecraft:dirt":53,"minecraft:stone_sword":1,"minecraft:arrow":2,"minecraft:bone":2,"minecraft:rotten_flesh":2,"minecraft:diamond":3,"minecraft:wheat_seeds":62,"minecraft:stone_pickaxe":1,"minecraft:iron_ore":11,"minecraft:bread":11,"minecraft:oak_sapling":5,"minecraft:coal":26,"minecraft:cobblestone":180}},"DataVersion":2586}