{"stats":{"minecraft:broken":{"minecraft:wooden_pickaxe":1},"minecraft:picked_up":{"minecraft:stick":3,"minecraft:crafting_table":1,"spartanshields:shield_basic_stone":1,"minecraft:oak_log":5,"minecraft:diorite":12,"minecraft:white_bed":2,"minecraft:oak_sapling":5,"minecraft:dirt":11,"minecraft:cobblestone":63},"minecraft:mined":{"minecraft:grass":1,"minecraft:grass_block":2,"minecraft:oak_log":5,"minecraft:white_bed":1,"minecraft:dirt":9,"minecraft:stone":63,"minecraft:diorite":12,"minecraft:crafting_table":1},"minecraft:custom":{"minecraft:time_since_rest":12418,"minecraft:play_one_minute":24120,"minecraft:walk_one_cm":23053,"minecraft:sprint_one_cm":18378,"minecraft:damage_taken":20,"minecraft:sneak_time":7,"minecraft:jump":99,"minecraft:time_since_death":24120,"minecraft:sleep_in_bed":1,"minecraft:fall_one_cm":3169,"minecraft:interact_with_crafting_table":2,"minecraft:talked_to_villager":1,"minecraft:fly_one_cm":18662},"minecraft:crafted":{"minecraft:oak_planks":20,"minecraft:crafting_table":1,"minecraft:stone_pickaxe":2,"minecraft:stick":4,"minecraft:wooden_pickaxe":1},"minecraft:used":{"minecraft:crafting_table":2,"minecraft:oak_sapling":5,"minecraft:stone_pickaxe":27,"minecraft:white_bed":1,"minecraft:wooden_pickaxe":59}},"DataVersion":2586}