{"stats":{"minecraft:killed":{"minecraft:skeleton":1,"minecraft:zombie":4,"minecraft:chicken":3},"minecraft:used":{"minecraft:wheat_seeds":68,"minecraft:water_bucket":1,"minecraft:diorite":14,"minecraft:stone_sword":7,"minecraft:stone_pickaxe":207,"minecraft:oak_planks":8,"minecraft:wooden_pickaxe":59,"minecraft:iron_sword":44,"minecraft:sugar_cane":4,"minecraft:stone_hoe":89,"minecraft:rotten_flesh":2,"minecraft:torch":6,"minecraft:dirt":69,"minecraft:crafting_table":2,"minecraft:white_bed":2,"spartanshields:shield_basic_stone":9,"minecraft:iron_axe":11,"minecraft:bread":11,"minecraft:cobblestone":26,"minecraft:oak_sapling":5,"minecraft:bucket":1},"minecraft:crafted":{"minecraft:oak_planks":20,"minecraft:crafting_table":1,"minecraft:wooden_pickaxe":1,"minecraft:iron_sword":1,"minecraft:bucket":1,"minecraft:air":0,"minecraft:wooden_hoe":1,"minecraft:iron_axe":1,"minecraft:stick":12,"minecraft:iron_ingot":72,"minecraft:iron_pickaxe":1,"minecraft:stone_pickaxe":2,"minecraft:torch":4},"minecraft:custom":{"minecraft:interact_with_furnace":14,"minecraft:mob_kills":8,"minecraft:interact_with_crafting_table":9,"minecraft:play_one_minute":83305,"minecraft:time_since_death":83305,"minecraft:sleep_in_bed":7,"minecraft:time_since_rest":6383,"minecraft:sprint_one_cm":98591,"minecraft:damage_taken":715,"minecraft:walk_one_cm":120378,"minecraft:drop":2,"minecraft:damage_dealt":1147,"minecraft:talked_to_villager":1,"minecraft:fly_one_cm":74966,"minecraft:open_chest":11,"minecraft:crouch_one_cm":2942,"minecraft:sneak_time":1400,"minecraft:walk_under_water_one_cm":7583,"minecraft:jump":578,"minecraft:walk_on_water_one_cm":6621,"minecraft:fall_one_cm":11239},"minecraft:mined":{"minecraft:white_bed":1,"minecraft:glass_pane":1,"minecraft:crafting_table":1,"minecraft:grass_block":32,"minecraft:cobblestone":1,"minecraft:tall_grass":17,"minecraft:oak_planks":5,"minecraft:diorite":24,"minecraft:wall_torch":3,"minecraft:iron_ore":11,"minecraft:grass":24,"minecraft:coal_ore":26,"minecraft:oak_log":5,"minecraft:sand":2,"minecraft:dirt":27,"minecraft:stone":182,"minecraft:oak_leaves":4},"minecraft:broken":{"minecraft:stone_pickaxe":1,"minecraft:wooden_pickaxe":1},"minecraft:dropped":{"minecraft:cobblestone":1,"minecraft:stone_pickaxe":1},"minecraft:picked_up":{"minecraft:crafting_table":1,"minecraft:feather":4,"minecraft:chicken":3,"spartanshields:shield_basic_stone":1,"minecraft:oak_log":5,"minecraft:dirt":59,"minecraft:string":1,"minecraft:bone":2,"minecraft:wheat_seeds":68,"minecraft:stone_pickaxe":1,"minecraft:iron_ore":11,"minecraft:oak_planks":5,"minecraft:stick":3,"minecraft:torch":3,"minecraft:sand":2,"minecraft:diorite":24,"minecraft:white_bed":2,"minecraft:stone_sword":1,"minecraft:arrow":2,"minecraft:rotten_flesh":5,"minecraft:diamond":3,"minecraft:bread":11,"minecraft:oak_sapling":5,"minecraft:coal":26,"minecraft:cobblestone":180}},"DataVersion":2586}