{"stats":{"minecraft:dropped":{"spartanshields:shield_basic_stone":1,"minecraft:white_bed":1,"minecraft:dandelion":1},"minecraft:picked_up":{"minecraft:birch_log":26,"minecraft:stick":5,"minecraft:crafting_table":3,"minecraft:dandelion":1,"minecraft:oak_log":68,"minecraft:yellow_bed":1,"minecraft:white_bed":3,"minecraft:gunpowder":1,"minecraft:dirt":99,"minecraft:apple":1,"minecraft:hay_block":21,"minecraft:iron_ore":14,"minecraft:oak_sapling":15,"minecraft:sugar_cane":4,"minecraft:birch_sapling":1,"minecraft:oak_planks":4,"minecraft:coal":2,"minecraft:cobblestone":95},"minecraft:mined":{"minecraft:hay_block":21,"minecraft:white_bed":3,"minecraft:oak_sapling":1,"minecraft:birch_log":32,"minecraft:iron_ore":14,"minecraft:yellow_bed":1,"minecraft:crafting_table":3,"minecraft:grass":6,"minecraft:grass_block":91,"minecraft:oak_log":68,"minecraft:coal_ore":2,"minecraft:dirt":8,"minecraft:stone":98,"minecraft:sugar_cane":3,"minecraft:oak_leaves":7},"minecraft:custom":{"minecraft:time_since_rest":9431,"minecraft:sprint_one_cm":53830,"minecraft:damage_taken":190,"minecraft:walk_one_cm":38245,"minecraft:mob_kills":1,"minecraft:drop":3,"minecraft:damage_dealt":200,"minecraft:swim_one_cm":14796,"minecraft:interact_with_crafting_table":11,"minecraft:talked_to_villager":1,"minecraft:fly_one_cm":84446,"minecraft:open_chest":2,"minecraft:play_one_minute":36346,"minecraft:crouch_one_cm":622,"minecraft:sneak_time":613,"minecraft:walk_under_water_one_cm":1539,"minecraft:jump":360,"minecraft:leave_game":3,"minecraft:time_since_death":36346,"minecraft:walk_on_water_one_cm":5698,"minecraft:sleep_in_bed":3,"minecraft:fall_one_cm":8169},"minecraft:killed":{"minecraft:creeper":1},"minecraft:crafted":{"spartanshields:shield_basic_wood":2,"minecraft:oak_planks":36,"minecraft:stone_shovel":1,"minecraft:crafting_table":3,"minecraft:stick":16,"minecraft:wooden_pickaxe":1,"minecraft:iron_ingot":1,"minecraft:stone_pickaxe":1,"minecraft:torch":4,"minecraft:birch_planks":4,"minecraft:stone_hoe":1,"spartanshields:shield_basic_stone":2,"minecraft:stone_axe":1,"minecraft:bread":63,"minecraft:wheat":189},"minecraft:used":{"minecraft:oak_log":63,"minecraft:stone_pickaxe":90,"minecraft:stone_shovel":98,"minecraft:bread":6,"minecraft:oak_planks":1,"minecraft:wooden_pickaxe":25,"minecraft:stone_hoe":21,"minecraft:stone_axe":29,"minecraft:dirt":89,"minecraft:crafting_table":5,"minecraft:oak_sapling":2,"minecraft:white_bed":1,"minecraft:birch_log":32,"minecraft:experience_bottle":1}},"DataVersion":2586}