{"stats":{"minecraft:killed":{"minecraft:spider":2,"minecraft:creeper":1,"minecraft:skeleton":1,"minecraft:zombie":2},"minecraft:used":{"minecraft:diorite":7,"minecraft:stone_sword":20,"minecraft:stone_shovel":99,"minecraft:stone_pickaxe":111,"minecraft:oak_planks":1,"minecraft:wooden_pickaxe":25,"minecraft:stone_hoe":21,"minecraft:torch":3,"minecraft:dirt":97,"minecraft:crafting_table":6,"minecraft:white_bed":2,"minecraft:oak_log":63,"minecraft:diamond_pickaxe":301,"minecraft:bread":7,"minecraft:iron_pickaxe":250,"spartanshields:shield_basic_iron":3,"minecraft:stone_axe":30,"minecraft:furnace":1,"minecraft:oak_sapling":2,"minecraft:birch_log":32,"minecraft:experience_bottle":1},"minecraft:custom":{"minecraft:interact_with_furnace":5,"minecraft:mob_kills":6,"minecraft:interact_with_crafting_table":19,"minecraft:play_one_minute":60083,"minecraft:leave_game":3,"minecraft:time_since_death":60083,"minecraft:sleep_in_bed":5,"minecraft:time_since_rest":357,"minecraft:sprint_one_cm":75024,"minecraft:damage_taken":360,"minecraft:walk_one_cm":86525,"minecraft:drop":28,"minecraft:damage_dealt":1405,"minecraft:swim_one_cm":14796,"minecraft:talked_to_villager":1,"minecraft:fly_one_cm":98055,"minecraft:open_chest":2,"minecraft:crouch_one_cm":1388,"minecraft:sneak_time":1013,"minecraft:walk_under_water_one_cm":1539,"minecraft:jump":586,"minecraft:walk_on_water_one_cm":5698,"minecraft:fall_one_cm":10170},"minecraft:crafted":{"spartanshields:shield_basic_wood":3,"minecraft:oak_planks":36,"minecraft:stone_shovel":1,"spartanshields:shield_basic_iron":1,"minecraft:crafting_table":3,"minecraft:wooden_pickaxe":1,"minecraft:furnace":1,"minecraft:birch_planks":12,"spartanshields:shield_basic_stone":2,"minecraft:stone_axe":1,"minecraft:bread":63,"minecraft:air":0,"minecraft:diamond_pickaxe":1,"minecraft:stick":16,"minecraft:iron_ingot":9,"minecraft:iron_pickaxe":1,"minecraft:stone_pickaxe":1,"minecraft:stone_sword":1,"minecraft:torch":4,"minecraft:stone_hoe":1,"minecraft:wheat":189},"minecraft:mined":{"minecraft:diamond_ore":31,"minecraft:white_bed":3,"minecraft:oak_sapling":1,"minecraft:crafting_table":3,"minecraft:torch":1,"minecraft:granite":38,"minecraft:grass_block":92,"minecraft:tall_grass":1,"minecraft:lapis_ore":4,"minecraft:sugar_cane":3,"minecraft:diorite":17,"minecraft:hay_block":21,"minecraft:redstone_ore":10,"minecraft:birch_log":32,"minecraft:iron_ore":90,"minecraft:andesite":21,"minecraft:yellow_bed":1,"minecraft:grass":6,"minecraft:oak_log":68,"minecraft:coal_ore":33,"minecraft:gravel":2,"minecraft:dirt":15,"minecraft:stone":414,"minecraft:gold_ore":26,"minecraft:oak_leaves":7},"minecraft:broken":{"minecraft:iron_pickaxe":1},"minecraft:dropped":{"minecraft:bread":11,"minecraft:stone_axe":1,"minecraft:birch_planks":2,"minecraft:iron_nugget":7,"minecraft:diamond":3,"minecraft:birch_sapling":1,"minecraft:stone_shovel":1,"spartanshields:shield_basic_stone":1,"minecraft:granite":8,"minecraft:white_bed":1,"minecraft:andesite":2,"minecraft:oak_sapling":24,"minecraft:wooden_pickaxe":1,"minecraft:stone_pickaxe":1,"minecraft:dandelion":1},"minecraft:picked_up":{"minecraft:birch_log":26,"minecraft:crafting_table":3,"minecraft:andesite":23,"minecraft:oak_log":68,"minecraft:yellow_bed":1,"minecraft:gunpowder":1,"minecraft:lapis_lazuli":23,"minecraft:dirt":107,"minecraft:apple":1,"minecraft:iron_ore":90,"minecraft:iron_nugget":7,"minecraft:sugar_cane":4,"minecraft:birch_sapling":1,"minecraft:oak_planks":4,"minecraft:stick":5,"minecraft:torch":1,"minecraft:dandelion":1,"minecraft:gravel":2,"minecraft:diorite":17,"minecraft:white_bed":3,"minecraft:redstone":43,"minecraft:gold_ore":26,"minecraft:diamond":31,"minecraft:hay_block":21,"minecraft:granite":46,"minecraft:oak_sapling":27,"minecraft:coal":33,"minecraft:cobblestone":348}},"DataVersion":2586}