{"stats":{"minecraft:picked_up":{"minecraft:oak_log":5,"minecraft:oak_sapling":3},"minecraft:mined":{"minecraft:grass":1,"minecraft:oak_log":5,"minecraft:oak_leaves":3},"minecraft:custom":{"minecraft:time_since_rest":8916,"minecraft:open_chest":1,"minecraft:play_one_minute":8916,"minecraft:crouch_one_cm":82,"minecraft:sprint_one_cm":5243,"minecraft:damage_taken":40,"minecraft:walk_one_cm":1449,"minecraft:sneak_time":231,"minecraft:walk_under_water_one_cm":1509,"minecraft:jump":75,"minecraft:leave_game":1,"minecraft:time_since_death":8916,"minecraft:walk_on_water_one_cm":1338,"minecraft:interact_with_crafting_table":1,"minecraft:swim_one_cm":13973,"minecraft:fall_one_cm":1045,"minecraft:fly_one_cm":19801},"minecraft:crafted":{"minecraft:oak_planks":20,"minecraft:crafting_table":1,"minecraft:stick":8,"minecraft:wooden_pickaxe":1},"minecraft:used":{"minecraft:crafting_table":1}},"DataVersion":2586}