{"stats":{"minecraft:dropped":{"spartanshields:shield_basic_stone":1,"minecraft:white_bed":1},"minecraft:picked_up":{"minecraft:birch_log":26,"minecraft:stick":5,"minecraft:crafting_table":3,"minecraft:oak_log":68,"minecraft:white_bed":3,"minecraft:yellow_bed":1,"minecraft:dirt":16,"minecraft:apple":1,"minecraft:hay_block":21,"minecraft:oak_sapling":14,"minecraft:sugar_cane":4,"minecraft:birch_sapling":1,"minecraft:oak_planks":4,"minecraft:cobblestone":24},"minecraft:mined":{"minecraft:hay_block":21,"minecraft:white_bed":3,"minecraft:birch_log":32,"minecraft:yellow_bed":1,"minecraft:crafting_table":3,"minecraft:grass":4,"minecraft:grass_block":14,"minecraft:oak_log":68,"minecraft:dirt":3,"minecraft:stone":24,"minecraft:sugar_cane":3,"minecraft:oak_leaves":7},"minecraft:custom":{"minecraft:time_since_rest":418,"minecraft:sprint_one_cm":44455,"minecraft:damage_taken":170,"minecraft:walk_one_cm":23795,"minecraft:drop":2,"minecraft:talked_to_villager":1,"minecraft:swim_one_cm":14796,"minecraft:interact_with_crafting_table":11,"minecraft:fly_one_cm":72403,"minecraft:open_chest":2,"minecraft:play_one_minute":27333,"minecraft:crouch_one_cm":263,"minecraft:sneak_time":429,"minecraft:walk_under_water_one_cm":1539,"minecraft:jump":297,"minecraft:leave_game":2,"minecraft:time_since_death":27333,"minecraft:walk_on_water_one_cm":5698,"minecraft:sleep_in_bed":3,"minecraft:fall_one_cm":6335},"minecraft:crafted":{"spartanshields:shield_basic_wood":2,"minecraft:oak_planks":36,"minecraft:stone_shovel":1,"minecraft:crafting_table":3,"minecraft:stick":16,"minecraft:wooden_pickaxe":1,"minecraft:iron_ingot":1,"minecraft:stone_pickaxe":1,"minecraft:birch_planks":4,"minecraft:stone_hoe":1,"spartanshields:shield_basic_stone":2,"minecraft:stone_axe":1,"minecraft:bread":63,"minecraft:wheat":189},"minecraft:used":{"minecraft:oak_log":63,"minecraft:stone_shovel":14,"minecraft:bread":4,"minecraft:oak_planks":1,"minecraft:wooden_pickaxe":25,"minecraft:stone_hoe":21,"minecraft:stone_axe":27,"minecraft:dirt":4,"minecraft:crafting_table":5,"minecraft:oak_sapling":2,"minecraft:white_bed":1,"minecraft:birch_log":32}},"DataVersion":2586}