{"stats":{"minecraft:picked_up":{"minecraft:crafting_table":1,"minecraft:oak_log":5,"minecraft:white_bed":2,"minecraft:yellow_bed":1,"minecraft:dirt":4,"minecraft:hay_block":13,"minecraft:oak_sapling":3,"minecraft:sugar_cane":4,"minecraft:oak_planks":4,"minecraft:cobblestone":24},"minecraft:mined":{"minecraft:hay_block":13,"minecraft:white_bed":2,"minecraft:yellow_bed":1,"minecraft:crafting_table":1,"minecraft:grass":1,"minecraft:grass_block":1,"minecraft:oak_log":5,"minecraft:dirt":3,"minecraft:stone":24,"minecraft:sugar_cane":3,"minecraft:oak_leaves":4},"minecraft:custom":{"minecraft:time_since_rest":2731,"minecraft:sprint_one_cm":21896,"minecraft:damage_taken":160,"minecraft:walk_one_cm":11427,"minecraft:interact_with_crafting_table":3,"minecraft:swim_one_cm":14796,"minecraft:fly_one_cm":47276,"minecraft:open_chest":1,"minecraft:play_one_minute":17732,"minecraft:crouch_one_cm":263,"minecraft:sneak_time":429,"minecraft:walk_under_water_one_cm":1539,"minecraft:jump":208,"minecraft:leave_game":1,"minecraft:time_since_death":17732,"minecraft:walk_on_water_one_cm":5698,"minecraft:sleep_in_bed":1,"minecraft:fall_one_cm":3253},"minecraft:crafted":{"minecraft:oak_planks":20,"minecraft:stone_shovel":1,"minecraft:crafting_table":2,"minecraft:stick":16,"minecraft:wooden_pickaxe":1,"minecraft:stone_pickaxe":1,"minecraft:stone_hoe":1,"minecraft:stone_axe":1},"minecraft:used":{"minecraft:oak_planks":1,"minecraft:wooden_pickaxe":25,"minecraft:stone_hoe":13,"minecraft:stone_axe":3,"minecraft:dirt":4,"minecraft:crafting_table":2,"minecraft:oak_sapling":2}},"DataVersion":2586}