{"stats":{"minecraft:killed":{"minecraft:spider":5,"minecraft:horse":5,"minecraft:skeleton":7,"minecraft:creeper":2,"minecraft:zombie":8,"minecraft:villager":1},"minecraft:used":{"minecraft:stone_sword":32,"minecraft:stone_shovel":99,"minecraft:chest":2,"minecraft:stone_hoe":21,"minecraft:torch":3,"minecraft:dirt":97,"minecraft:oak_sapling":2,"minecraft:furnace":1,"minecraft:egg":1,"minecraft:diorite":7,"minecraft:stone_pickaxe":111,"minecraft:oak_planks":1,"minecraft:wooden_pickaxe":25,"minecraft:composter":1,"minecraft:diamond_axe":17,"minecraft:crafting_table":7,"minecraft:white_bed":3,"minecraft:oak_log":63,"minecraft:diamond_pickaxe":389,"minecraft:bread":23,"minecraft:iron_pickaxe":250,"spartanshields:shield_basic_iron":9,"minecraft:stone_axe":30,"minecraft:diamond_sword":53,"minecraft:cobblestone":48,"minecraft:birch_log":32,"minecraft:yellow_bed":1,"minecraft:experience_bottle":1},"minecraft:killed_by":{"minecraft:iron_golem":1},"minecraft:custom":{"minecraft:mob_kills":28,"minecraft:interact_with_crafting_table":26,"minecraft:leave_game":3,"minecraft:time_since_death":27831,"minecraft:sprint_one_cm":164280,"minecraft:walk_one_cm":127437,"minecraft:drop":105,"minecraft:talked_to_villager":4,"minecraft:deaths":1,"minecraft:sneak_time":1158,"minecraft:walk_under_water_one_cm":1725,"minecraft:jump":1317,"minecraft:walk_on_water_one_cm":6640,"minecraft:interact_with_furnace":8,"minecraft:traded_with_villager":1,"minecraft:play_one_minute":96083,"minecraft:sleep_in_bed":6,"minecraft:time_since_rest":20581,"minecraft:damage_taken":1367,"minecraft:damage_dealt":5866,"minecraft:swim_one_cm":22041,"minecraft:fly_one_cm":260952,"minecraft:open_chest":10,"minecraft:crouch_one_cm":1990,"minecraft:fall_one_cm":31250},"minecraft:crafted":{"minecraft:oak_planks":44,"minecraft:stone_shovel":1,"spartanshields:shield_basic_iron":1,"minecraft:furnace":1,"minecraft:diamond_shovel":1,"spartanshields:shield_basic_stone":2,"minecraft:stone_pickaxe":1,"minecraft:chest":2,"minecraft:diamond_boots":1,"minecraft:stone_hoe":1,"minecraft:wheat":189,"spartanshields:shield_basic_wood":3,"minecraft:diamond_sword":1,"minecraft:diamond_axe":1,"minecraft:crafting_table":4,"minecraft:wooden_pickaxe":1,"minecraft:iron_helmet":1,"minecraft:birch_planks":28,"minecraft:stone_axe":1,"minecraft:bread":75,"minecraft:air":0,"minecraft:diamond_pickaxe":1,"minecraft:stick":24,"minecraft:iron_ingot":25,"minecraft:iron_pickaxe":1,"minecraft:stone_sword":1,"minecraft:iron_leggings":1,"minecraft:torch":4,"minecraft:shears":1,"minecraft:diamond_chestplate":1},"minecraft:mined":{"minecraft:diamond_ore":31,"minecraft:white_bed":4,"minecraft:oak_sapling":1,"minecraft:cobblestone_stairs":3,"minecraft:granite":38,"minecraft:grass_block":92,"minecraft:composter":3,"minecraft:hay_block":21,"minecraft:redstone_ore":10,"minecraft:carrots":24,"minecraft:iron_ore":90,"minecraft:andesite":21,"minecraft:fletching_table":1,"minecraft:azure_bluet":1,"minecraft:bookshelf":8,"minecraft:potatoes":14,"minecraft:stone":414,"minecraft:glass_pane":1,"minecraft:crafting_table":3,"minecraft:torch":1,"minecraft:lectern":2,"minecraft:tall_grass":2,"minecraft:cobblestone":7,"minecraft:lapis_ore":4,"minecraft:sugar_cane":3,"minecraft:diorite":17,"minecraft:birch_log":32,"minecraft:wheat":32,"minecraft:yellow_bed":1,"minecraft:grass":12,"minecraft:coal_ore":33,"minecraft:oak_log":70,"minecraft:beetroots":7,"minecraft:dirt":15,"minecraft:gravel":2,"minecraft:gold_ore":26,"minecraft:oak_leaves":7},"minecraft:broken":{"minecraft:iron_pickaxe":1},"minecraft:dropped":{"minecraft:bread":27,"minecraft:birch_planks":2,"minecraft:wheat_seeds":64,"minecraft:lapis_lazuli":30,"minecraft:diamond":3,"spartanshields:shield_basic_stone":1,"minecraft:granite":8,"minecraft:dandelion":1,"minecraft:stone_axe":1,"minecraft:iron_nugget":7,"minecraft:stone_sword":2,"minecraft:birch_sapling":1,"minecraft:stone_shovel":1,"minecraft:white_bed":1,"minecraft:carrot":30,"minecraft:potato":41,"minecraft:andesite":2,"minecraft:oak_sapling":24,"minecraft:stone_pickaxe":1,"minecraft:wooden_pickaxe":1},"minecraft:picked_up":{"minecraft:crafting_table":3,"minecraft:wheat":20,"minecraft:diamond_sword":1,"minecraft:string":3,"minecraft:iron_leggings":1,"minecraft:beetroot":7,"minecraft:iron_nugget":7,"minecraft:lectern":4,"minecraft:sugar_cane":4,"minecraft:birch_sapling":1,"minecraft:egg":1,"minecraft:stick":8,"spartanshields:shield_basic_iron":1,"minecraft:composter":6,"minecraft:torch":3,"minecraft:diorite":17,"minecraft:carrot":60,"minecraft:redstone":43,"minecraft:stone_sword":1,"minecraft:arrow":7,"minecraft:rotten_flesh":8,"minecraft:diamond_chestplate":1,"minecraft:beetroot_seeds":21,"minecraft:diamond_boots":1,"minecraft:hay_block":21,"minecraft:gold_ingot":7,"minecraft:white_wool":9,"minecraft:cobblestone":570,"minecraft:birch_log":26,"minecraft:andesite":23,"minecraft:leather":4,"minecraft:potato":41,"minecraft:oak_log":70,"minecraft:yellow_bed":2,"minecraft:cobblestone_stairs":3,"minecraft:gunpowder":5,"minecraft:dirt":107,"minecraft:lapis_lazuli":53,"minecraft:bone":7,"minecraft:apple":1,"minecraft:wheat_seeds":65,"minecraft:iron_ore":90,"minecraft:fletching_table":2,"minecraft:oak_planks":4,"minecraft:book":36,"minecraft:dandelion":1,"minecraft:gravel":2,"minecraft:white_bed":4,"minecraft:gold_ore":26,"minecraft:diamond_shovel":1,"minecraft:diamond":38,"minecraft:iron_helmet":1,"minecraft:granite":46,"minecraft:diamond_axe":1,"minecraft:bread":39,"minecraft:oak_sapling":27,"minecraft:coal":33,"minecraft:diamond_pickaxe":1}},"DataVersion":2586}