{"stats":{"minecraft:dropped":{"minecraft:bread":11,"minecraft:stone_axe":1,"minecraft:stone_shovel":1,"spartanshields:shield_basic_stone":1,"minecraft:white_bed":1,"minecraft:wooden_pickaxe":1,"minecraft:stone_pickaxe":1,"minecraft:dandelion":1},"minecraft:picked_up":{"minecraft:birch_log":26,"minecraft:crafting_table":3,"minecraft:andesite":2,"minecraft:oak_log":68,"minecraft:yellow_bed":1,"minecraft:gunpowder":1,"minecraft:lapis_lazuli":23,"minecraft:dirt":107,"minecraft:apple":1,"minecraft:iron_ore":28,"minecraft:sugar_cane":4,"minecraft:birch_sapling":1,"minecraft:oak_planks":4,"minecraft:stick":5,"minecraft:torch":1,"minecraft:dandelion":1,"minecraft:diorite":14,"minecraft:white_bed":3,"minecraft:redstone":34,"minecraft:gold_ore":11,"minecraft:diamond":11,"minecraft:hay_block":21,"minecraft:granite":8,"minecraft:oak_sapling":15,"minecraft:coal":24,"minecraft:cobblestone":219},"minecraft:custom":{"minecraft:interact_with_furnace":5,"minecraft:mob_kills":1,"minecraft:interact_with_crafting_table":18,"minecraft:play_one_minute":48346,"minecraft:leave_game":3,"minecraft:time_since_death":48346,"minecraft:sleep_in_bed":4,"minecraft:time_since_rest":10647,"minecraft:sprint_one_cm":65457,"minecraft:damage_taken":190,"minecraft:walk_one_cm":58540,"minecraft:drop":18,"minecraft:damage_dealt":410,"minecraft:swim_one_cm":14796,"minecraft:talked_to_villager":1,"minecraft:fly_one_cm":91855,"minecraft:open_chest":2,"minecraft:crouch_one_cm":1030,"minecraft:sneak_time":929,"minecraft:walk_under_water_one_cm":1539,"minecraft:jump":441,"minecraft:walk_on_water_one_cm":5698,"minecraft:fall_one_cm":9543},"minecraft:mined":{"minecraft:diamond_ore":11,"minecraft:white_bed":3,"minecraft:oak_sapling":1,"minecraft:crafting_table":3,"minecraft:torch":1,"minecraft:granite":8,"minecraft:grass_block":92,"minecraft:lapis_ore":4,"minecraft:sugar_cane":3,"minecraft:diorite":15,"minecraft:hay_block":21,"minecraft:redstone_ore":8,"minecraft:birch_log":32,"minecraft:iron_ore":28,"minecraft:andesite":2,"minecraft:yellow_bed":1,"minecraft:grass":6,"minecraft:coal_ore":24,"minecraft:oak_log":68,"minecraft:dirt":15,"minecraft:stone":230,"minecraft:gold_ore":11,"minecraft:oak_leaves":7},"minecraft:killed":{"minecraft:creeper":1},"minecraft:crafted":{"spartanshields:shield_basic_wood":3,"minecraft:oak_planks":36,"minecraft:stone_shovel":1,"spartanshields:shield_basic_iron":1,"minecraft:crafting_table":3,"minecraft:wooden_pickaxe":1,"minecraft:furnace":1,"minecraft:birch_planks":12,"minecraft:stone_axe":1,"spartanshields:shield_basic_stone":2,"minecraft:bread":63,"minecraft:air":0,"minecraft:stick":16,"minecraft:iron_ingot":9,"minecraft:iron_pickaxe":1,"minecraft:stone_pickaxe":1,"minecraft:stone_sword":1,"minecraft:torch":4,"minecraft:stone_hoe":1,"minecraft:wheat":189},"minecraft:used":{"minecraft:diorite":1,"minecraft:stone_sword":1,"minecraft:stone_shovel":99,"minecraft:stone_pickaxe":111,"minecraft:oak_planks":1,"minecraft:wooden_pickaxe":25,"minecraft:stone_hoe":21,"minecraft:torch":3,"minecraft:dirt":97,"minecraft:crafting_table":5,"minecraft:white_bed":2,"minecraft:oak_log":63,"minecraft:bread":6,"minecraft:iron_pickaxe":206,"minecraft:stone_axe":30,"minecraft:oak_sapling":2,"minecraft:furnace":1,"minecraft:birch_log":32,"minecraft:experience_bottle":1}},"DataVersion":2586}